<annotation>
	<folder>car_number_plate_dataset</folder>
	<filename>1.jpeg</filename>
	<path>/Users/nahiyanalamgir/code/number_plate_detector/car_number_plate_dataset/1.jpeg</path>
	<source>
		<database>Unknown</database>
	</source>
	<size>
		<width>400</width>
		<height>217</height>
		<depth>3</depth>
	</size>
	<segmented>0</segmented>
	<object>
		<name>registration_plate</name>
		<pose>Unspecified</pose>
		<truncated>0</truncated>
		<difficult>0</difficult>
		<bndbox>
			<xmin>131</xmin>
			<ymin>99</ymin>
			<xmax>226</xmax>
			<ymax>149</ymax>
		</bndbox>
	</object>
	<object>
		<name>registration_plate</name>
		<pose>Unspecified</pose>
		<truncated>0</truncated>
		<difficult>0</difficult>
		<bndbox>
			<xmin>230</xmin>
			<ymin>102</ymin>
			<xmax>321</xmax>
			<ymax>151</ymax>
		</bndbox>
	</object>
</annotation>
