<annotation>
	<folder>car_number_plate_dataset</folder>
	<filename>115.jpg</filename>
	<path>/Users/nahiyanalamgir/code/number_plate_detector/car_number_plate_dataset/115.jpg</path>
	<source>
		<database>Unknown</database>
	</source>
	<size>
		<width>960</width>
		<height>720</height>
		<depth>3</depth>
	</size>
	<segmented>0</segmented>
	<object>
		<name>registration_plate</name>
		<pose>Unspecified</pose>
		<truncated>0</truncated>
		<difficult>0</difficult>
		<bndbox>
			<xmin>35</xmin>
			<ymin>208</ymin>
			<xmax>59</xmax>
			<ymax>220</ymax>
		</bndbox>
	</object>
	<object>
		<name>registration_plate</name>
		<pose>Unspecified</pose>
		<truncated>0</truncated>
		<difficult>0</difficult>
		<bndbox>
			<xmin>131</xmin>
			<ymin>269</ymin>
			<xmax>161</xmax>
			<ymax>292</ymax>
		</bndbox>
	</object>
	<object>
		<name>registration_plate</name>
		<pose>Unspecified</pose>
		<truncated>0</truncated>
		<difficult>0</difficult>
		<bndbox>
			<xmin>267</xmin>
			<ymin>333</ymin>
			<xmax>314</xmax>
			<ymax>366</ymax>
		</bndbox>
	</object>
	<object>
		<name>registration_plate</name>
		<pose>Unspecified</pose>
		<truncated>0</truncated>
		<difficult>0</difficult>
		<bndbox>
			<xmin>481</xmin>
			<ymin>448</ymin>
			<xmax>567</xmax>
			<ymax>514</ymax>
		</bndbox>
	</object>
</annotation>
