<annotation>
	<folder>train</folder>
	<filename>239.jpg</filename>
	<path>/Users/nahiyanalamgir/code/number_plate_detector/car_number_plate_dataset/train/239.jpg</path>
	<source>
		<database>Unknown</database>
	</source>
	<size>
		<width>720</width>
		<height>479</height>
		<depth>3</depth>
	</size>
	<segmented>0</segmented>
	<object>
		<name>registration_plate</name>
		<pose>Unspecified</pose>
		<truncated>0</truncated>
		<difficult>0</difficult>
		<bndbox>
			<xmin>334</xmin>
			<ymin>309</ymin>
			<xmax>374</xmax>
			<ymax>336</ymax>
		</bndbox>
	</object>
	<object>
		<name>registration_plate</name>
		<pose>Unspecified</pose>
		<truncated>1</truncated>
		<difficult>0</difficult>
		<bndbox>
			<xmin>1</xmin>
			<ymin>326</ymin>
			<xmax>45</xmax>
			<ymax>362</ymax>
		</bndbox>
	</object>
	<object>
		<name>registration_plate</name>
		<pose>Unspecified</pose>
		<truncated>0</truncated>
		<difficult>0</difficult>
		<bndbox>
			<xmin>550</xmin>
			<ymin>319</ymin>
			<xmax>581</xmax>
			<ymax>339</ymax>
		</bndbox>
	</object>
</annotation>
