<annotation>
	<folder>car_number_plate_dataset</folder>
	<filename>5.jpeg</filename>
	<path>/Users/nahiyanalamgir/code/number_plate_detector/car_number_plate_dataset/5.jpeg</path>
	<source>
		<database>Unknown</database>
	</source>
	<size>
		<width>314</width>
		<height>177</height>
		<depth>3</depth>
	</size>
	<segmented>0</segmented>
	<object>
		<name>registration_plate</name>
		<pose>Unspecified</pose>
		<truncated>0</truncated>
		<difficult>0</difficult>
		<bndbox>
			<xmin>150</xmin>
			<ymin>85</ymin>
			<xmax>192</xmax>
			<ymax>105</ymax>
		</bndbox>
	</object>
</annotation>
