<annotation>
	<folder>car_number_plate_dataset</folder>
	<filename>52.jpg</filename>
	<path>/Users/nahiyanalamgir/code/number_plate_detector/car_number_plate_dataset/52.jpg</path>
	<source>
		<database>Unknown</database>
	</source>
	<size>
		<width>577</width>
		<height>320</height>
		<depth>3</depth>
	</size>
	<segmented>0</segmented>
	<object>
		<name>registration_plate</name>
		<pose>Unspecified</pose>
		<truncated>0</truncated>
		<difficult>0</difficult>
		<bndbox>
			<xmin>126</xmin>
			<ymin>142</ymin>
			<xmax>193</xmax>
			<ymax>197</ymax>
		</bndbox>
	</object>
</annotation>
