<annotation>
	<folder>car_number_plate_dataset</folder>
	<filename>6.jpeg</filename>
	<path>/Users/nahiyanalamgir/code/number_plate_detector/car_number_plate_dataset/6.jpeg</path>
	<source>
		<database>Unknown</database>
	</source>
	<size>
		<width>1807</width>
		<height>1117</height>
		<depth>3</depth>
	</size>
	<segmented>0</segmented>
	<object>
		<name>registration_plate</name>
		<pose>Unspecified</pose>
		<truncated>0</truncated>
		<difficult>0</difficult>
		<bndbox>
			<xmin>1391</xmin>
			<ymin>419</ymin>
			<xmax>1575</xmax>
			<ymax>549</ymax>
		</bndbox>
	</object>
</annotation>
