<annotation>
	<folder>car_number_plate_dataset</folder>
	<filename>91.png</filename>
	<path>/Users/nahiyanalamgir/code/number_plate_detector/car_number_plate_dataset/91.png</path>
	<source>
		<database>Unknown</database>
	</source>
	<size>
		<width>960</width>
		<height>480</height>
		<depth>3</depth>
	</size>
	<segmented>0</segmented>
	<object>
		<name>registration_plate</name>
		<pose>Unspecified</pose>
		<truncated>0</truncated>
		<difficult>0</difficult>
		<bndbox>
			<xmin>247</xmin>
			<ymin>221</ymin>
			<xmax>321</xmax>
			<ymax>262</ymax>
		</bndbox>
	</object>
</annotation>
